{"cameraMode":{"drawMode":0,"name":"Shaded","section":"Shading Mode"},"sceneLighting":true,"audioPlay":false,"sceneViewState":{"m_AlwaysRefresh":false,"showFog":true,"showSkybox":true,"showFlares":true,"showImageEffects":true,"showParticleSystems":true,"showVisualEffectGraphs":true,"m_FxEnabled":true},"in2DMode":false,"pivot":{"x":2.8586912155151369,"y":6.485060214996338,"z":2.825197458267212},"rotation":{"x":0.118507020175457,"y":-0.015489243902266026,"z":0.001848871703259647,"w":0.9928355813026428},"size":11.621827125549317,"orthographic":false}