{"cameraMode":{"drawMode":0,"name":"Shaded","section":"Shading Mode"},"sceneLighting":true,"audioPlay":false,"sceneViewState":{"m_AlwaysRefresh":false,"showFog":true,"showSkybox":true,"showFlares":true,"showImageEffects":true,"showParticleSystems":true,"showVisualEffectGraphs":true,"m_FxEnabled":true},"in2DMode":false,"pivot":{"x":3.645353317260742,"y":-1.681290626525879,"z":-1.8503751754760743},"rotation":{"x":-0.07869439572095871,"y":0.9207552671432495,"z":-0.25305232405662539,"w":-0.28633612394332888},"size":12.461819648742676,"orthographic":false}