{"cameraMode":{"drawMode":0,"name":"Shaded","section":"Shading Mode"},"sceneLighting":true,"audioPlay":false,"sceneViewState":{"m_AlwaysRefresh":false,"showFog":true,"showSkybox":true,"showFlares":true,"showImageEffects":true,"showParticleSystems":true,"showVisualEffectGraphs":true,"m_FxEnabled":true},"in2DMode":false,"pivot":{"x":-1.9400824308395386,"y":-8.395166397094727,"z":6.5326409339904789},"rotation":{"x":0.6780869960784912,"y":-0.007493254262953997,"z":0.006917276419699192,"w":0.7349182367324829},"size":11.565664291381836,"orthographic":false}